[
  {
    "value": "PhD",
    "synonyms": [
      "PhD",
      "phd",
      "PHD",
      "Doctor of Philosophy",
      "Doctoral Students"
    ]
  },
  {
    "value": "BTech",
    "synonyms": [
      "btech",
      "Btech",
      "undergrad",
      "undergraduates",
      "bachelor of technology"
    ]
  },
  {
    "value": "MTech",
    "synonyms": [
      "mtech",
      "Mtech",
      "M.TEch",
      "post-grad",
      "post-graduate",
      "master of technology"
    ]
  },
  {
    "value": "MS",
    "synonyms": [
      "MS",
      "ms",
      "Master of Science"
    ]
  },
  {
    "value": "MTI",
    "synonyms": [
      "MTI",
      "Dual degree",
      "BT-MT Dual",
      "BTMT",
      "BT-MT"
    ]
  }
]