[
  {
    "value": "Professor",
    "synonyms": [
      "Professor",
      "profs",
      "prof"
    ]
  },
  {
    "value": "Assistant Professor",
    "synonyms": [
      "Assistant Professor",
      "assistant prof",
      "assistant profs"
    ]
  },
  {
    "value": "Associate Professor",
    "synonyms": [
      "Associate Professor",
      "associate prof",
      "associate profs"
    ]
  },
  {
    "value": "post-docs",
    "synonyms": [
      "post-docs",
      "Post Doctoral Fellows",
      "Post Doctoral Scholars",
      "Post-Doc Scholars",
      "Post-Doc Fellows",
      "PostDoc Fellows",
      "Post doc scholars",
      "post docs",
      "pdfs"
    ]
  }
]