[
  {
    "value": "2017",
    "synonyms": [
      "2017",
      "Last year",
      "previous year",
      "one year ago"
    ]
  },
  {
    "value": "2016",
    "synonyms": [
      "2016",
      "two years ago"
    ]
  },
  {
    "value": "2015",
    "synonyms": [
      "2015"
    ]
  },
  {
    "value": "2018",
    "synonyms": [
      "2018",
      "this year",
      "this very year"
    ]
  },
  {
    "value": "2014",
    "synonyms": [
      "2014"
    ]
  },
  {
    "value": "2012",
    "synonyms": [
      "2012"
    ]
  },
  {
    "value": "2013",
    "synonyms": [
      "2013"
    ]
  }
]