[
  {
    "id": "4c7719af-3e2c-45b8-a5fd-4d1d8266a0c1",
    "data": [
      {
        "text": "Piyush Rai",
        "alias": "faculty_names",
        "meta": "@faculty_names",
        "userDefined": true
      },
      {
        "text": "??",
        "userDefined": false
      }
    ],
    "isTemplate": false,
    "count": 0,
    "updated": 1542753353
  },
  {
    "id": "80a0ce7f-09c4-4930-804f-677a587e5213",
    "data": [
      {
        "text": "Sandeep Shukla",
        "alias": "faculty_names",
        "meta": "@faculty_names",
        "userDefined": false
      },
      {
        "text": "?",
        "userDefined": false
      }
    ],
    "isTemplate": false,
    "count": 0,
    "updated": 1542753353
  },
  {
    "id": "f9752ddb-d300-42da-a9a2-f188e39b5cea",
    "data": [
      {
        "text": "Who is ",
        "userDefined": false
      },
      {
        "text": "Purushottam Kar",
        "alias": "faculty_names",
        "meta": "@faculty_names",
        "userDefined": false
      },
      {
        "text": "?",
        "userDefined": false
      }
    ],
    "isTemplate": false,
    "count": 0,
    "updated": 1542752011
  },
  {
    "id": "17de7ca7-4aaf-478d-869d-b5ffca66f6ff",
    "data": [
      {
        "text": "Who is ",
        "userDefined": false
      },
      {
        "text": "Arnab Bhattacharya",
        "alias": "faculty_names",
        "meta": "@faculty_names",
        "userDefined": true
      },
      {
        "text": "?",
        "userDefined": false
      }
    ],
    "isTemplate": false,
    "count": 0,
    "updated": 1542752011
  },
  {
    "id": "92548670-2ae3-47fb-9841-28e91eed3bc5",
    "data": [
      {
        "text": "Who is ",
        "userDefined": false
      },
      {
        "text": "Baswana",
        "alias": "faculty_names",
        "meta": "@faculty_names",
        "userDefined": true
      },
      {
        "text": "?",
        "userDefined": false
      }
    ],
    "isTemplate": false,
    "count": 0,
    "updated": 1542752011
  },
  {
    "id": "b318c696-705f-4e1a-93cf-7d4c471a583c",
    "data": [
      {
        "text": "Who is ",
        "userDefined": false
      },
      {
        "text": "Manindra Agarwal",
        "alias": "faculty_names",
        "meta": "@faculty_names",
        "userDefined": false
      },
      {
        "text": "?",
        "userDefined": false
      }
    ],
    "isTemplate": false,
    "count": 0,
    "updated": 1542752011
  },
  {
    "id": "c281ff08-ef27-48e6-a5dd-03b8c6941891",
    "data": [
      {
        "text": "Who is ",
        "userDefined": false
      },
      {
        "text": "Nitin Saxena",
        "alias": "faculty_names",
        "meta": "@faculty_names",
        "userDefined": false
      },
      {
        "text": "?",
        "userDefined": false
      }
    ],
    "isTemplate": false,
    "count": 0,
    "updated": 1542752011
  },
  {
    "id": "d14c25c5-250d-4985-b005-d01340dd161e",
    "data": [
      {
        "text": "Who is ",
        "userDefined": false
      },
      {
        "text": "Sandeep Shukla",
        "alias": "faculty_names",
        "meta": "@faculty_names",
        "userDefined": false
      },
      {
        "text": "?",
        "userDefined": false
      }
    ],
    "isTemplate": false,
    "count": 0,
    "updated": 1542752011
  }
]