[
  {
    "id": "a7a115f3-bae8-4b49-bfbb-c6a9f728d980",
    "data": [
      {
        "text": "Give a brief history of this department",
        "userDefined": false
      }
    ],
    "isTemplate": false,
    "count": 0,
    "updated": 1541836095
  },
  {
    "id": "661eb792-c8f8-4009-8483-1b852d7666eb",
    "data": [
      {
        "text": "What do you know about this department?",
        "userDefined": false
      }
    ],
    "isTemplate": false,
    "count": 0,
    "updated": 1541836095
  },
  {
    "id": "c21a9992-c5e2-431a-8330-f381b3c76e45",
    "data": [
      {
        "text": "Tell me about this department",
        "userDefined": false
      }
    ],
    "isTemplate": false,
    "count": 0,
    "updated": 1541836095
  }
]