[
  {
    "id": "44b00653-05b3-4afb-9696-466cae6892c1",
    "data": [
      {
        "text": "You are a piece of shit",
        "userDefined": false
      }
    ],
    "isTemplate": false,
    "count": 0,
    "updated": 1542906268
  },
  {
    "id": "18baacf4-a1c3-4c4c-a10f-9a2fcec0ea87",
    "data": [
      {
        "text": "You are shit.",
        "userDefined": false
      }
    ],
    "isTemplate": false,
    "count": 0,
    "updated": 1542906268
  },
  {
    "id": "dc4cba63-88c4-4c3d-a23a-6a253ece8c8f",
    "data": [
      {
        "text": "Screw you",
        "userDefined": false
      }
    ],
    "isTemplate": false,
    "count": 0,
    "updated": 1542905429
  },
  {
    "id": "6081946b-5585-49b7-9f7f-909bc2da34a7",
    "data": [
      {
        "text": "Fuck you",
        "userDefined": false
      }
    ],
    "isTemplate": false,
    "count": 0,
    "updated": 1542905429
  },
  {
    "id": "3a4f8f8c-6dd3-4456-ba92-18ac92942b9a",
    "data": [
      {
        "text": "Go to hell",
        "userDefined": false
      }
    ],
    "isTemplate": false,
    "count": 0,
    "updated": 1542905429
  },
  {
    "id": "b6b604a0-9ea5-48cc-a9cb-6100dfb66ec0",
    "data": [
      {
        "text": "Go fuck yourself",
        "userDefined": false
      }
    ],
    "isTemplate": false,
    "count": 0,
    "updated": 1542905429
  },
  {
    "id": "55717112-86d3-4915-91ce-f68a5378c255",
    "data": [
      {
        "text": "This chatbot is shit!",
        "userDefined": false
      }
    ],
    "isTemplate": false,
    "count": 0,
    "updated": 1542905429
  }
]