[
  {
    "id": "5a501909-85ba-4aae-aeda-389cabef125a",
    "data": [
      {
        "text": "god father",
        "userDefined": false
      }
    ],
    "isTemplate": false,
    "count": 1,
    "updated": 1542961236
  },
  {
    "id": "a28c8459-5d61-43cc-8187-5516c02cfedb",
    "data": [
      {
        "text": "father",
        "userDefined": false
      }
    ],
    "isTemplate": false,
    "count": 0,
    "updated": 1542961236
  },
  {
    "id": "602a1db4-a165-4035-a0c7-903169d683e2",
    "data": [
      {
        "text": "boss",
        "userDefined": false
      }
    ],
    "isTemplate": false,
    "count": 0,
    "updated": 1542961236
  },
  {
    "id": "52d03e1f-3d7b-4cd4-95fc-5233b5ed1205",
    "data": [
      {
        "text": "Who is your godfather?",
        "userDefined": false
      }
    ],
    "isTemplate": false,
    "count": 0,
    "updated": 1542961236
  },
  {
    "id": "88ebc053-38d5-4e73-8d8c-2fa2a830b419",
    "data": [
      {
        "text": "Who is your father?",
        "userDefined": false
      }
    ],
    "isTemplate": false,
    "count": 0,
    "updated": 1542961236
  },
  {
    "id": "1c19039f-9f22-44f5-8a48-efcdb1991981",
    "data": [
      {
        "text": "Who is your boss?",
        "userDefined": false
      }
    ],
    "isTemplate": false,
    "count": 0,
    "updated": 1542961236
  }
]