[
  {
    "id": "769691a0-29c4-48ea-a3b8-fdab881a97b2",
    "data": [
      {
        "text": "Who is the ",
        "userDefined": false
      },
      {
        "text": "hod",
        "alias": "committee",
        "meta": "@committee",
        "userDefined": false
      },
      {
        "text": "?",
        "userDefined": false
      }
    ],
    "isTemplate": false,
    "count": 0,
    "updated": 1542964644
  },
  {
    "id": "6f38137a-6745-48e8-983a-a1f72a1f2d8f",
    "data": [
      {
        "text": "who\u0027s ",
        "userDefined": false
      },
      {
        "text": "hod",
        "alias": "committee",
        "meta": "@committee",
        "userDefined": false
      },
      {
        "text": "?",
        "userDefined": false
      }
    ],
    "isTemplate": false,
    "count": 0,
    "updated": 1542894469
  },
  {
    "id": "efdead6c-b2c4-4e40-a6a6-5a5bf3144713",
    "data": [
      {
        "text": "hod",
        "alias": "committee",
        "meta": "@committee",
        "userDefined": false
      }
    ],
    "isTemplate": false,
    "count": 0,
    "updated": 1542894469
  },
  {
    "id": "22bcb891-244a-4f87-9e2a-6fd668189669",
    "data": [
      {
        "text": "Who is the ",
        "userDefined": false
      },
      {
        "text": "dpgc",
        "alias": "committee",
        "meta": "@committee",
        "userDefined": false
      }
    ],
    "isTemplate": false,
    "count": 0,
    "updated": 1542894469
  },
  {
    "id": "72f32033-22c0-4c0d-8b87-1c4253b0daea",
    "data": [
      {
        "text": "Who is ",
        "userDefined": false
      },
      {
        "text": "hod",
        "alias": "committee",
        "meta": "@committee",
        "userDefined": false
      },
      {
        "text": "?",
        "userDefined": false
      }
    ],
    "isTemplate": false,
    "count": 0,
    "updated": 1542894469
  },
  {
    "id": "b5de8144-a42f-4220-aea0-be9fb07d83a2",
    "data": [
      {
        "text": "Who is the ",
        "userDefined": false
      },
      {
        "text": "DUGC Convenor",
        "alias": "committee",
        "meta": "@committee",
        "userDefined": true
      },
      {
        "text": "?",
        "userDefined": false
      }
    ],
    "isTemplate": false,
    "count": 0,
    "updated": 1542894026
  },
  {
    "id": "d66f1340-84d2-4135-99ca-904287d0c7be",
    "data": [
      {
        "text": "Who is the ",
        "userDefined": false
      },
      {
        "text": "DPGC Convenor",
        "alias": "committee",
        "meta": "@committee",
        "userDefined": true
      },
      {
        "text": "?",
        "userDefined": false
      }
    ],
    "isTemplate": false,
    "count": 0,
    "updated": 1542894026
  },
  {
    "id": "6da99b19-2236-4362-9eb6-034540df57fe",
    "data": [
      {
        "text": "Who is the ",
        "userDefined": false
      },
      {
        "text": "Head of the Department",
        "alias": "committee",
        "meta": "@committee",
        "userDefined": true
      },
      {
        "text": "?",
        "userDefined": false
      }
    ],
    "isTemplate": false,
    "count": 0,
    "updated": 1542893442
  }
]