[
  {
    "id": "4ed0bba4-c5a4-44ed-a7b9-f30fcb1eebf8",
    "data": [
      {
        "text": "How do I contact?",
        "userDefined": false
      }
    ],
    "isTemplate": false,
    "count": 1,
    "updated": 1542624583
  },
  {
    "id": "59ebb223-b496-4425-9b7e-62b836e0816a",
    "data": [
      {
        "text": "How do I get in touch?",
        "userDefined": false
      }
    ],
    "isTemplate": false,
    "count": 0,
    "updated": 1542624583
  },
  {
    "id": "51b9ce98-2492-4347-b279-204b21efe4dc",
    "data": [
      {
        "text": "What is the contact address?",
        "userDefined": false
      }
    ],
    "isTemplate": false,
    "count": 0,
    "updated": 1542624583
  },
  {
    "id": "1d13a97c-6271-494b-9a98-98f33dd6d5c1",
    "data": [
      {
        "text": "Whom shall I contact?",
        "userDefined": false
      }
    ],
    "isTemplate": false,
    "count": 0,
    "updated": 1542624583
  }
]