[
  {
    "id": "e25169dc-7903-4d72-a69a-61e7a3ad291e",
    "data": [
      {
        "text": "courses offered website.",
        "userDefined": false
      }
    ],
    "isTemplate": false,
    "count": 0,
    "updated": 1542902144
  },
  {
    "id": "df07435f-9882-4fc3-8243-d4886439a991",
    "data": [
      {
        "text": "elective courses offered?",
        "userDefined": false
      }
    ],
    "isTemplate": false,
    "count": 0,
    "updated": 1542902144
  },
  {
    "id": "695f91d8-5948-4bc4-bb5a-37f041814269",
    "data": [
      {
        "text": "courses offered?",
        "userDefined": false
      }
    ],
    "isTemplate": false,
    "count": 0,
    "updated": 1542902144
  },
  {
    "id": "1ba23496-7185-4c28-9c01-f15ead1be398",
    "data": [
      {
        "text": "Which courses are offered?",
        "userDefined": false
      }
    ],
    "isTemplate": false,
    "count": 0,
    "updated": 1542902144
  },
  {
    "id": "136d31e8-191e-41cc-aadb-9f9af3010514",
    "data": [
      {
        "text": "Which elective courses are offered here?",
        "userDefined": false
      }
    ],
    "isTemplate": false,
    "count": 0,
    "updated": 1542902144
  },
  {
    "id": "7898bfc1-c5cc-4b38-b1ec-2bfbba89bdb3",
    "data": [
      {
        "text": "Which elective courses are offered?",
        "userDefined": false
      }
    ],
    "isTemplate": false,
    "count": 0,
    "updated": 1542902144
  },
  {
    "id": "ba5145ef-57d6-488e-b329-4cc0fa339525",
    "data": [
      {
        "text": "what are the elective courses offered?",
        "userDefined": false
      }
    ],
    "isTemplate": false,
    "count": 0,
    "updated": 1542902144
  },
  {
    "id": "5a9f4c3e-f8e6-4373-a30d-febf211e50a7",
    "data": [
      {
        "text": "What are taught here?",
        "userDefined": false
      }
    ],
    "isTemplate": false,
    "count": 0,
    "updated": 1542895853
  },
  {
    "id": "a86ab533-4b15-4e29-bd19-1cc431acabfc",
    "data": [
      {
        "text": "What are the courses that are being taught ",
        "userDefined": false
      },
      {
        "text": "this semester",
        "alias": "course_time",
        "meta": "@course_time",
        "userDefined": true
      },
      {
        "text": "?",
        "userDefined": false
      }
    ],
    "isTemplate": false,
    "count": 0,
    "updated": 1542895853
  },
  {
    "id": "3fb0927c-62b9-4e5f-8a31-37bce6f252b4",
    "data": [
      {
        "text": "What are the courses that will be taught in the ",
        "userDefined": false
      },
      {
        "text": "next semester",
        "alias": "course_time",
        "meta": "@course_time",
        "userDefined": true
      },
      {
        "text": "?",
        "userDefined": false
      }
    ],
    "isTemplate": false,
    "count": 0,
    "updated": 1542895853
  },
  {
    "id": "1bc3f5e4-9ce7-44b8-bb45-24c1c46a9fd0",
    "data": [
      {
        "text": "What are the courses taught in the ",
        "userDefined": false
      },
      {
        "text": "previous semester",
        "alias": "course_time",
        "meta": "@course_time",
        "userDefined": true
      },
      {
        "text": "?",
        "userDefined": false
      }
    ],
    "isTemplate": false,
    "count": 0,
    "updated": 1542895853
  },
  {
    "id": "4afbb4c2-5b68-40a4-a4c6-f28639e92f0b",
    "data": [
      {
        "text": "What are the courses taught here ",
        "userDefined": false
      },
      {
        "text": "this sem",
        "alias": "course_time",
        "meta": "@course_time",
        "userDefined": true
      },
      {
        "text": "?",
        "userDefined": false
      }
    ],
    "isTemplate": false,
    "count": 0,
    "updated": 1542627539
  }
]