[
  {
    "id": "7962540d-66ba-4378-a36e-fedde0313932",
    "data": [
      {
        "text": "course code ",
        "userDefined": false
      },
      {
        "text": "Machine Learning",
        "alias": "course_name",
        "meta": "@course_name",
        "userDefined": true
      }
    ],
    "isTemplate": false,
    "count": 0,
    "updated": 1542889267
  },
  {
    "id": "3690b7e5-92a9-4b04-84d3-ee964aae73a9",
    "data": [
      {
        "text": "code for ",
        "userDefined": false
      },
      {
        "text": "Maths for CS",
        "alias": "course_name",
        "meta": "@course_name",
        "userDefined": true
      },
      {
        "text": "?",
        "userDefined": false
      }
    ],
    "isTemplate": false,
    "count": 0,
    "updated": 1542887894
  },
  {
    "id": "4828acb5-cd5f-4026-922b-5a59211593c7",
    "data": [
      {
        "text": "What is the course code for ",
        "userDefined": false
      },
      {
        "text": "Data Mining",
        "alias": "course_name",
        "meta": "@course_name",
        "userDefined": true
      },
      {
        "text": "?",
        "userDefined": false
      }
    ],
    "isTemplate": false,
    "count": 0,
    "updated": 1542887894
  },
  {
    "id": "6fcaf828-1269-410d-9d5a-01f824997e62",
    "data": [
      {
        "text": "What is the code for ",
        "userDefined": false
      },
      {
        "text": "Intro to ML",
        "alias": "course_name",
        "meta": "@course_name",
        "userDefined": true
      },
      {
        "text": "?",
        "userDefined": false
      }
    ],
    "isTemplate": false,
    "count": 0,
    "updated": 1542887894
  }
]