[
  {
    "id": "a3689e18-0098-449d-8628-0fc4639a318f",
    "data": [
      {
        "text": "course code ",
        "userDefined": false
      },
      {
        "text": "cs786",
        "alias": "course_code",
        "meta": "@course_code",
        "userDefined": true
      }
    ],
    "isTemplate": false,
    "count": 0,
    "updated": 1542887271
  },
  {
    "id": "136c2bb2-4c63-46e5-aae5-30df91bc1c73",
    "data": [
      {
        "text": "cs 602",
        "alias": "course_code",
        "meta": "@course_code",
        "userDefined": true
      }
    ],
    "isTemplate": false,
    "count": 0,
    "updated": 1542887271
  },
  {
    "id": "a88ae927-981d-4776-a5a1-5aceb37a958e",
    "data": [
      {
        "text": "what is ",
        "userDefined": false
      },
      {
        "text": "cs234",
        "alias": "course_code",
        "meta": "@course_code",
        "userDefined": true
      }
    ],
    "isTemplate": false,
    "count": 0,
    "updated": 1542748364
  },
  {
    "id": "d5a0dbe6-2c80-4e61-b4df-638dc5874df8",
    "data": [
      {
        "text": "What is ",
        "userDefined": false
      },
      {
        "text": "cs783",
        "alias": "course_code",
        "meta": "@course_code",
        "userDefined": true
      }
    ],
    "isTemplate": false,
    "count": 0,
    "updated": 1542748364
  },
  {
    "id": "14a65cc2-027d-4d70-9835-d6e91e933f87",
    "data": [
      {
        "text": "What is ",
        "userDefined": false
      },
      {
        "text": "CS747",
        "alias": "course_code",
        "meta": "@course_code",
        "userDefined": false
      }
    ],
    "isTemplate": false,
    "count": 0,
    "updated": 1542748364
  },
  {
    "id": "bb8a9700-b53d-4a9c-8ae3-cb3be691bbda",
    "data": [
      {
        "text": "What course is ",
        "userDefined": false
      },
      {
        "text": "CS601",
        "alias": "course_code",
        "meta": "@course_code",
        "userDefined": true
      }
    ],
    "isTemplate": false,
    "count": 0,
    "updated": 1542748364
  },
  {
    "id": "993e873c-dfcd-4a55-9043-8e7a468f2cda",
    "data": [
      {
        "text": "What course is ",
        "userDefined": false
      },
      {
        "text": "CS727?",
        "alias": "course_code",
        "meta": "@course_code",
        "userDefined": true
      }
    ],
    "isTemplate": false,
    "count": 0,
    "updated": 1542748364
  },
  {
    "id": "1724ff05-9a19-47c6-bed2-916885ef1b8d",
    "data": [
      {
        "text": "What is the name of the course ",
        "userDefined": false
      },
      {
        "text": "CS685",
        "alias": "course_code",
        "meta": "@course_code",
        "userDefined": true
      },
      {
        "text": "?",
        "userDefined": false
      }
    ],
    "isTemplate": false,
    "count": 0,
    "updated": 1542627934
  }
]