[
  {
    "id": "da4a9c07-3c75-49fa-9add-c1d6b4ee9040",
    "data": [
      {
        "text": "hiiii",
        "userDefined": false
      }
    ],
    "isTemplate": false,
    "count": 0,
    "updated": 1542895726
  },
  {
    "id": "ae0d03f0-c671-4318-90fc-a7477309c262",
    "data": [
      {
        "text": "namaskar",
        "userDefined": false
      }
    ],
    "isTemplate": false,
    "count": 0,
    "updated": 1541237630
  },
  {
    "id": "4701823f-c3e6-443e-aef3-8067797c8f02",
    "data": [
      {
        "text": "namaste",
        "userDefined": false
      }
    ],
    "isTemplate": false,
    "count": 0,
    "updated": 1541237630
  },
  {
    "id": "27364d0e-67cb-4720-97c0-3d6be690583a",
    "data": [
      {
        "text": "howdy",
        "userDefined": false
      }
    ],
    "isTemplate": false,
    "count": 0,
    "updated": 0
  },
  {
    "id": "e058f71c-744f-4df9-a453-813fccadf3b3",
    "data": [
      {
        "text": "hi there",
        "userDefined": false
      }
    ],
    "isTemplate": false,
    "count": 1,
    "updated": 0
  },
  {
    "id": "f33ca53a-35bd-46ab-8091-acd31098dd09",
    "data": [
      {
        "text": "hey there",
        "userDefined": false
      }
    ],
    "isTemplate": false,
    "count": 0,
    "updated": 0
  },
  {
    "id": "86c7b0a7-1432-4fba-a91e-cb0562ca4a0b",
    "data": [
      {
        "text": "greetings",
        "userDefined": false
      }
    ],
    "isTemplate": false,
    "count": 0,
    "updated": 0
  },
  {
    "id": "83b31890-4f3f-4961-b8dc-917bd12016f6",
    "data": [
      {
        "text": "Namashkar!",
        "userDefined": false
      }
    ],
    "isTemplate": false,
    "count": 0,
    "updated": 1539100070
  },
  {
    "id": "c0cc8982-a5c4-4490-8822-906bb25661a1",
    "data": [
      {
        "text": "hey",
        "userDefined": false
      }
    ],
    "isTemplate": false,
    "count": 0,
    "updated": 0
  },
  {
    "id": "bbdbf2ad-8cee-4116-bbf2-3ac8dcea2dcf",
    "data": [
      {
        "text": "I greet you",
        "userDefined": false
      }
    ],
    "isTemplate": false,
    "count": 0,
    "updated": 0
  },
  {
    "id": "82add34a-e557-4885-9c05-840c410022f5",
    "data": [
      {
        "text": "hi",
        "userDefined": false
      }
    ],
    "isTemplate": false,
    "count": 0,
    "updated": 0
  },
  {
    "id": "44472aa0-bacd-4dd8-962b-f8a2bfd7d480",
    "data": [
      {
        "text": "just going to say hi",
        "userDefined": false
      }
    ],
    "isTemplate": false,
    "count": 0,
    "updated": 0
  },
  {
    "id": "1318aaba-fadf-4af6-ab49-0187bebfe3f2",
    "data": [
      {
        "text": "Pranam",
        "userDefined": false
      }
    ],
    "isTemplate": false,
    "count": 0,
    "updated": 1539100070
  },
  {
    "id": "7531b5e1-404b-40af-9c07-719006b9d405",
    "data": [
      {
        "text": "heya",
        "userDefined": false
      }
    ],
    "isTemplate": false,
    "count": 0,
    "updated": 0
  },
  {
    "id": "929fa804-2d8d-4921-a8a9-c29ce52a6ee6",
    "data": [
      {
        "text": "a good day",
        "userDefined": false
      }
    ],
    "isTemplate": false,
    "count": 0,
    "updated": 0
  },
  {
    "id": "86c1a39b-efd2-40bb-9744-b24b3700614c",
    "data": [
      {
        "text": "hello",
        "userDefined": false
      }
    ],
    "isTemplate": false,
    "count": 0,
    "updated": 0
  },
  {
    "id": "cad264ef-c547-4c0e-9498-952dec7e6d19",
    "data": [
      {
        "text": "Pranams",
        "userDefined": false
      }
    ],
    "isTemplate": false,
    "count": 0,
    "updated": 1539100070
  },
  {
    "id": "b4e56c91-2c8c-4215-ab70-8a637ad8361d",
    "data": [
      {
        "text": "hello there",
        "userDefined": false
      }
    ],
    "isTemplate": false,
    "count": 0,
    "updated": 0
  },
  {
    "id": "73128034-5ff1-4434-bc3f-243ef2e985ae",
    "data": [
      {
        "text": "lovely day isn\u0027t it",
        "userDefined": false
      }
    ],
    "isTemplate": false,
    "count": 0,
    "updated": 0
  },
  {
    "id": "c24960dc-ce02-4bd4-9d91-2d2b15ad08bc",
    "data": [
      {
        "text": "long time no see",
        "userDefined": false
      }
    ],
    "isTemplate": false,
    "count": 0,
    "updated": 0
  },
  {
    "id": "5396ef7a-bd0c-46ab-8708-2f1fc88fb3c5",
    "data": [
      {
        "text": "hello again",
        "userDefined": false
      }
    ],
    "isTemplate": false,
    "count": 0,
    "updated": 0
  },
  {
    "id": "54ddc924-920c-473d-bf29-795281d7bb9c",
    "data": [
      {
        "text": "hello hi",
        "userDefined": false
      }
    ],
    "isTemplate": false,
    "count": 0,
    "updated": 0
  }
]