[
  {
    "id": "dd33fc44-d490-48d5-8948-466240a82de5",
    "data": [
      {
        "text": "website of faculties",
        "userDefined": false
      }
    ],
    "isTemplate": false,
    "count": 0,
    "updated": 1542902171
  },
  {
    "id": "48b6ebfe-8f00-4eb3-9bea-65dbf12da152",
    "data": [
      {
        "text": "faculty website",
        "userDefined": false
      }
    ],
    "isTemplate": false,
    "count": 0,
    "updated": 1542902171
  },
  {
    "id": "64d434b3-0428-4839-b46d-d0214c440c72",
    "data": [
      {
        "text": "faculty page",
        "userDefined": false
      }
    ],
    "isTemplate": false,
    "count": 0,
    "updated": 1542902171
  },
  {
    "id": "1691e919-46e4-4ef1-a776-1bf6c29e2788",
    "data": [
      {
        "text": "Who works here as a teacher?",
        "userDefined": false
      }
    ],
    "isTemplate": false,
    "count": 0,
    "updated": 1539098352
  },
  {
    "id": "836f97d8-1476-4d04-bf71-128e97297955",
    "data": [
      {
        "text": "Can I see the list of faculties?",
        "userDefined": false
      }
    ],
    "isTemplate": false,
    "count": 0,
    "updated": 1539082770
  },
  {
    "id": "b9fc6bcb-a6c6-441c-b2a6-3fc3fb9b0a50",
    "data": [
      {
        "text": "Who teaches here?",
        "userDefined": false
      }
    ],
    "isTemplate": false,
    "count": 0,
    "updated": 1539082770
  },
  {
    "id": "5c0690a5-7a22-41e0-ab34-fc96de816266",
    "data": [
      {
        "text": "Who are the faculties here?",
        "userDefined": false
      }
    ],
    "isTemplate": false,
    "count": 0,
    "updated": 1539082770
  }
]