[
  {
    "id": "8a8e6fe1-6db1-42c7-8b74-e2b93b03f03a",
    "data": [
      {
        "text": "who are working as a pdf here?",
        "userDefined": false
      }
    ],
    "isTemplate": false,
    "count": 0,
    "updated": 1541600154
  },
  {
    "id": "a05711fd-5042-4274-bf35-8a5c907114a4",
    "data": [
      {
        "text": "Who are the post doctoral fellows here?",
        "userDefined": false
      }
    ],
    "isTemplate": false,
    "count": 0,
    "updated": 1541600154
  },
  {
    "id": "c20e4715-1fac-4883-a6cb-eba90f29bffd",
    "data": [
      {
        "text": "Who are doing Post Docs here?",
        "userDefined": false
      }
    ],
    "isTemplate": false,
    "count": 0,
    "updated": 1541600154
  }
]