[
  {
    "id": "1604021d-16de-4efb-a8bb-7352c369093f",
    "data": [
      {
        "text": "assistant prof",
        "alias": "designation_faculty",
        "meta": "@designation_faculty",
        "userDefined": false
      }
    ],
    "isTemplate": false,
    "count": 0,
    "updated": 1542725808
  },
  {
    "id": "308bb68c-f867-407c-94ee-f1f401a58b19",
    "data": [
      {
        "text": "prof",
        "alias": "designation_faculty",
        "meta": "@designation_faculty",
        "userDefined": false
      },
      {
        "text": "?",
        "userDefined": false
      }
    ],
    "isTemplate": false,
    "count": 0,
    "updated": 1542725808
  },
  {
    "id": "e8c2f1a2-841e-4562-b00e-59bd67a4a60e",
    "data": [
      {
        "text": "Who are the ",
        "userDefined": false
      },
      {
        "text": "assistant professors",
        "alias": "designation_faculty",
        "meta": "@designation_faculty",
        "userDefined": false
      },
      {
        "text": " ?",
        "userDefined": false
      }
    ],
    "isTemplate": false,
    "count": 0,
    "updated": 1542902372
  },
  {
    "id": "bd0d7fa1-3843-483c-abf5-eb27e0a957dd",
    "data": [
      {
        "text": "Who are the ",
        "userDefined": false
      },
      {
        "text": "associate profs",
        "alias": "designation_faculty",
        "meta": "@designation_faculty",
        "userDefined": false
      },
      {
        "text": " ?",
        "userDefined": false
      }
    ],
    "isTemplate": false,
    "count": 0,
    "updated": 1542902372
  },
  {
    "id": "8c53793b-19fd-4cae-b405-fefc53543dda",
    "data": [
      {
        "text": "Who are the ",
        "userDefined": false
      },
      {
        "text": "professors",
        "alias": "designation_faculty",
        "meta": "@designation_faculty",
        "userDefined": false
      },
      {
        "text": " here?",
        "userDefined": false
      }
    ],
    "isTemplate": false,
    "count": 0,
    "updated": 1542725808
  }
]