[
  {
    "id": "5cee96cd-2a8f-4260-9692-8423521e0171",
    "data": [
      {
        "text": "papers published in ",
        "userDefined": false
      },
      {
        "text": "2016",
        "alias": "year",
        "meta": "@year",
        "userDefined": true
      }
    ],
    "isTemplate": false,
    "count": 0,
    "updated": 1542707786
  },
  {
    "id": "951b9497-5654-4ed3-96b2-a99877f7d0db",
    "data": [
      {
        "text": "research papers of ",
        "userDefined": false
      },
      {
        "text": "2014",
        "alias": "year",
        "meta": "@year",
        "userDefined": false
      },
      {
        "text": "?",
        "userDefined": false
      }
    ],
    "isTemplate": false,
    "count": 0,
    "updated": 1542707786
  },
  {
    "id": "a6535af9-37c0-4bf7-9c25-35eacb31f660",
    "data": [
      {
        "text": "research publications of ",
        "userDefined": false
      },
      {
        "text": "2015",
        "alias": "year",
        "meta": "@year",
        "userDefined": false
      },
      {
        "text": "?",
        "userDefined": false
      }
    ],
    "isTemplate": false,
    "count": 0,
    "updated": 1542707786
  },
  {
    "id": "da35404a-cc07-4359-b743-cc1144c97e31",
    "data": [
      {
        "text": "What are the publications of ",
        "userDefined": false
      },
      {
        "text": "2014",
        "alias": "year",
        "meta": "@year",
        "userDefined": true
      },
      {
        "text": "?",
        "userDefined": false
      }
    ],
    "isTemplate": false,
    "count": 0,
    "updated": 1542665466
  },
  {
    "id": "1653a4d9-8049-4a57-b440-d11b613e04ea",
    "data": [
      {
        "text": "what are the publication",
        "userDefined": false
      }
    ],
    "isTemplate": false,
    "count": 0,
    "updated": 1541841312
  },
  {
    "id": "b64ccd19-809e-4d2f-a91c-ccc69931902c",
    "data": [
      {
        "text": "what are the papers published in ",
        "userDefined": false
      },
      {
        "text": "2015",
        "alias": "year",
        "meta": "@year",
        "userDefined": true
      }
    ],
    "isTemplate": false,
    "count": 0,
    "updated": 1542665466
  },
  {
    "id": "0dd6a735-6070-4cb6-8cfe-252ac1faad91",
    "data": [
      {
        "text": "show me the publications of ",
        "userDefined": false
      },
      {
        "text": "2016",
        "alias": "year",
        "meta": "@year",
        "userDefined": true
      }
    ],
    "isTemplate": false,
    "count": 0,
    "updated": 1542665466
  },
  {
    "id": "53942bbc-4d53-412c-8752-2dbafe344053",
    "data": [
      {
        "text": "please show the publications of ",
        "userDefined": false
      },
      {
        "text": "2017",
        "alias": "year",
        "meta": "@year",
        "userDefined": true
      }
    ],
    "isTemplate": false,
    "count": 0,
    "updated": 1542665466
  },
  {
    "id": "9fd2c8df-714b-4182-a237-27d016f1ff40",
    "data": [
      {
        "text": "What are the publications from ",
        "userDefined": false
      },
      {
        "text": "2018",
        "alias": "year",
        "meta": "@year",
        "userDefined": true
      },
      {
        "text": "?",
        "userDefined": false
      }
    ],
    "isTemplate": false,
    "count": 0,
    "updated": 1542665466
  }
]