[
  {
    "id": "fc906bb8-0419-4302-bb87-84b78cd7ca31",
    "data": [
      {
        "text": "Who works in ",
        "userDefined": false
      },
      {
        "text": "Computational Social Choice",
        "alias": "research_area",
        "meta": "@research_area",
        "userDefined": true
      },
      {
        "text": "?",
        "userDefined": false
      }
    ],
    "isTemplate": false,
    "count": 0,
    "updated": 1542748778
  },
  {
    "id": "271b6870-51b9-4176-9070-c0469531f4b3",
    "data": [
      {
        "text": "who works in ",
        "userDefined": false
      },
      {
        "text": "Algorithms",
        "alias": "research_area",
        "meta": "@research_area",
        "userDefined": false
      },
      {
        "text": "?",
        "userDefined": false
      }
    ],
    "isTemplate": false,
    "count": 0,
    "updated": 1542748778
  },
  {
    "id": "6d1f0337-3d1c-4dc9-900e-9f4c950fdd9a",
    "data": [
      {
        "text": "Who works in ",
        "userDefined": false
      },
      {
        "text": "Randomized algorithms",
        "alias": "research_area",
        "meta": "@research_area",
        "userDefined": true
      },
      {
        "text": "?",
        "userDefined": false
      }
    ],
    "isTemplate": false,
    "count": 0,
    "updated": 1542748778
  },
  {
    "id": "eee3a333-2617-45f9-9a5b-cee6157ceed4",
    "data": [
      {
        "text": "Who works in ",
        "userDefined": false
      },
      {
        "text": "Operating Systems",
        "alias": "research_area",
        "meta": "@research_area",
        "userDefined": true
      },
      {
        "text": "?",
        "userDefined": false
      }
    ],
    "isTemplate": false,
    "count": 1,
    "updated": 1542748778
  },
  {
    "id": "56e1782d-9f4e-4ab3-aa3e-4c0c35539379",
    "data": [
      {
        "text": "Who works in ",
        "userDefined": false
      },
      {
        "text": "Computational Comlexity",
        "alias": "research_area",
        "meta": "@research_area",
        "userDefined": true
      }
    ],
    "isTemplate": false,
    "count": 0,
    "updated": 1542748778
  },
  {
    "id": "4d872ea6-2983-44b5-98a6-576493e22f16",
    "data": [
      {
        "text": "Who works in ",
        "userDefined": false
      },
      {
        "text": "Machine Learning",
        "alias": "research_area",
        "meta": "@research_area",
        "userDefined": true
      }
    ],
    "isTemplate": false,
    "count": 0,
    "updated": 1542707867
  }
]