[
  {
    "id": "be17e8b6-ea07-4644-90c3-372888af7718",
    "data": [
      {
        "text": "Show me the list of students",
        "userDefined": false
      }
    ],
    "isTemplate": false,
    "count": 0,
    "updated": 1541521045
  },
  {
    "id": "12312732-633f-418e-96aa-9a5c7d1b51fa",
    "data": [
      {
        "text": "Who are the students?",
        "userDefined": false
      }
    ],
    "isTemplate": false,
    "count": 0,
    "updated": 1541521045
  },
  {
    "id": "339f0a11-2223-45a9-8219-d330172b9b2d",
    "data": [
      {
        "text": "Who all studies here?",
        "userDefined": false
      }
    ],
    "isTemplate": false,
    "count": 0,
    "updated": 1541521045
  },
  {
    "id": "35574e8d-511b-473c-b8ef-bfde3b0e41a3",
    "data": [
      {
        "text": "Who studies here?",
        "userDefined": false
      }
    ],
    "isTemplate": false,
    "count": 0,
    "updated": 1541521045
  },
  {
    "id": "567c1562-984e-4973-b925-d11218fa2a68",
    "data": [
      {
        "text": "Can I see the list of students?",
        "userDefined": false
      }
    ],
    "isTemplate": false,
    "count": 0,
    "updated": 1541521045
  },
  {
    "id": "66a81a53-dbe1-49fb-83e4-30bc6487f764",
    "data": [
      {
        "text": "Can I see the list of students here?",
        "userDefined": false
      }
    ],
    "isTemplate": false,
    "count": 0,
    "updated": 1541521045
  }
]