[
  {
    "id": "1021a6bb-4442-46b4-a141-ac1d2ab572d4",
    "data": [
      {
        "text": "link to webmail",
        "userDefined": false
      }
    ],
    "isTemplate": false,
    "count": 0,
    "updated": 1542893400
  },
  {
    "id": "19b72d89-2135-4cfd-9103-d6432ea284e1",
    "data": [
      {
        "text": "webmail link?",
        "userDefined": false
      }
    ],
    "isTemplate": false,
    "count": 0,
    "updated": 1542893400
  },
  {
    "id": "61c7465f-96ff-4426-bdc4-cef0cf6b7fb9",
    "data": [
      {
        "text": "What is the email link?",
        "userDefined": false
      }
    ],
    "isTemplate": false,
    "count": 0,
    "updated": 1542893400
  },
  {
    "id": "0a8bdcef-0ac7-43ef-bd9d-d3b2049fb996",
    "data": [
      {
        "text": "What is the link of the webmail?",
        "userDefined": false
      }
    ],
    "isTemplate": false,
    "count": 0,
    "updated": 1542893400
  },
  {
    "id": "277ee195-9d06-4027-bc8d-4886a94821b5",
    "data": [
      {
        "text": "What is the webmail link?",
        "userDefined": false
      }
    ],
    "isTemplate": false,
    "count": 0,
    "updated": 1542893400
  }
]